<?xml version = '1.0' encoding = 'UTF-8'?>
<Relation class="oracle.dbtools.crest.model.design.logical.Relation" name="Relation_7" directorySegmentName="seg_0" id="1E095053-D919-DDAC-8BB3-05934331DB60">
<createdBy>labsfiap</createdBy>
<createdTime>2025-04-11 01:04:48 UTC</createdTime>
<ownerDesignName>dtbs</ownerDesignName>
<engineerTo>
<item key="AFEEBEB8-51A3-D658-252E-E9D13EEB0C50" value="true"/>
</engineerTo>
<sourcePk>A3F245B6-D509-69EF-8453-35172DE0DE13</sourcePk>
<identifying>false</identifying>
<optionalSource>true</optionalSource>
<optionalTarget>false</optionalTarget>
<sourceCardinality>1</sourceCardinality>
<sourceEntity>BB7C60FE-8397-BC83-79A0-A014C3051199</sourceEntity>
<targetCardinalityString>*</targetCardinalityString>
<targetEntity>DB021FB2-1CC8-2C85-51B9-4EA33EEC94DA</targetEntity>
<transferable>true</transferable>
<deleteRule>NO ACTION</deleteRule>
</Relation>