<?xml version = '1.0' encoding = 'UTF-8'?>
<Relation class="oracle.dbtools.crest.model.design.logical.Relation" name="Relation_10" directorySegmentName="seg_0" id="3DB4817F-9077-A63A-EBE2-06EAC2D985E9">
<createdBy>labsfiap</createdBy>
<createdTime>2025-04-11 01:37:32 UTC</createdTime>
<ownerDesignName>dtbs</ownerDesignName>
<engineerTo>
<item key="AFEEBEB8-51A3-D658-252E-E9D13EEB0C50" value="true"/>
</engineerTo>
<sourcePk>55F3A317-9846-9A7C-F6B8-7339B5285BE1</sourcePk>
<identifying>true</identifying>
<optionalSource>false</optionalSource>
<optionalTarget>false</optionalTarget>
<sourceCardinality>1</sourceCardinality>
<sourceEntity>0507552C-EE92-A874-487B-F3A373AC183E</sourceEntity>
<targetCardinalityString>*</targetCardinalityString>
<targetEntity>EF9D184B-D259-5C3B-040A-ABE275AC8A49</targetEntity>
<transferable>true</transferable>
<deleteRule>NO ACTION</deleteRule>
</Relation>