<?xml version = '1.0' encoding = 'UTF-8'?>
<Relation class="oracle.dbtools.crest.model.design.logical.Relation" name="Relation_6" directorySegmentName="seg_0" id="68A12779-C5D7-0B63-0057-669C262A765E">
<createdBy>labsfiap</createdBy>
<createdTime>2025-04-11 01:04:41 UTC</createdTime>
<ownerDesignName>dtbs</ownerDesignName>
<engineerTo>
<item key="AFEEBEB8-51A3-D658-252E-E9D13EEB0C50" value="true"/>
</engineerTo>
<sourcePk>55F3A317-9846-9A7C-F6B8-7339B5285BE1</sourcePk>
<identifying>false</identifying>
<optionalSource>true</optionalSource>
<optionalTarget>false</optionalTarget>
<sourceCardinality>1</sourceCardinality>
<sourceEntity>0507552C-EE92-A874-487B-F3A373AC183E</sourceEntity>
<targetCardinalityString>*</targetCardinalityString>
<targetEntity>DB021FB2-1CC8-2C85-51B9-4EA33EEC94DA</targetEntity>
<transferable>true</transferable>
<deleteRule>NO ACTION</deleteRule>
</Relation>