<?xml version = '1.0' encoding = 'UTF-8'?>
<Relation class="oracle.dbtools.crest.model.design.logical.Relation" name="Relation_13" directorySegmentName="seg_0" id="9637FD70-F346-16F1-E182-4AD003F05439">
<createdBy>labsfiap</createdBy>
<createdTime>2025-04-11 01:38:49 UTC</createdTime>
<ownerDesignName>dtbs</ownerDesignName>
<engineerTo>
<item key="AFEEBEB8-51A3-D658-252E-E9D13EEB0C50" value="true"/>
</engineerTo>
<sourcePk>55F3A317-9846-9A7C-F6B8-7339B5285BE1</sourcePk>
<identifying>true</identifying>
<optionalSource>true</optionalSource>
<optionalTarget>false</optionalTarget>
<sourceCardinality>1</sourceCardinality>
<sourceEntity>0507552C-EE92-A874-487B-F3A373AC183E</sourceEntity>
<targetCardinalityString>*</targetCardinalityString>
<targetEntity>AD11F5D8-72A8-F776-C94D-090C94D454DE</targetEntity>
<transferable>true</transferable>
<deleteRule>NO ACTION</deleteRule>
</Relation>