<?xml version = '1.0' encoding = 'UTF-8'?>
<Relation class="oracle.dbtools.crest.model.design.logical.Relation" name="Relation_11" directorySegmentName="seg_0" id="D58171E4-4691-2B7F-BB06-B7A139E6FE73">
<createdBy>labsfiap</createdBy>
<createdTime>2025-04-11 01:37:37 UTC</createdTime>
<ownerDesignName>dtbs</ownerDesignName>
<engineerTo>
<item key="AFEEBEB8-51A3-D658-252E-E9D13EEB0C50" value="true"/>
</engineerTo>
<sourcePk>55F3A317-9846-9A7C-F6B8-7339B5285BE1</sourcePk>
<identifying>true</identifying>
<optionalSource>true</optionalSource>
<optionalTarget>false</optionalTarget>
<sourceCardinality>1</sourceCardinality>
<sourceEntity>0507552C-EE92-A874-487B-F3A373AC183E</sourceEntity>
<targetCardinalityString>*</targetCardinalityString>
<targetEntity>79F5A128-B7B1-3277-0886-6AE155E8B4F1</targetEntity>
<transferable>true</transferable>
<deleteRule>NO ACTION</deleteRule>
</Relation>