<?xml version = '1.0' encoding = 'UTF-8'?>
<Relation class="oracle.dbtools.crest.model.design.logical.Relation" name="Relation_12" directorySegmentName="seg_0" id="FA10F877-84D4-F302-FFF0-F449EF0DCBFC">
<createdBy>labsfiap</createdBy>
<createdTime>2025-04-11 01:37:42 UTC</createdTime>
<ownerDesignName>dtbs</ownerDesignName>
<engineerTo>
<item key="AFEEBEB8-51A3-D658-252E-E9D13EEB0C50" value="true"/>
</engineerTo>
<sourcePk>55F3A317-9846-9A7C-F6B8-7339B5285BE1</sourcePk>
<identifying>true</identifying>
<optionalSource>true</optionalSource>
<optionalTarget>false</optionalTarget>
<sourceCardinality>1</sourceCardinality>
<sourceEntity>0507552C-EE92-A874-487B-F3A373AC183E</sourceEntity>
<targetCardinalityString>*</targetCardinalityString>
<targetEntity>F05E6C01-6D29-5862-6B13-2E9DB1EE670E</targetEntity>
<transferable>true</transferable>
<deleteRule>NO ACTION</deleteRule>
</Relation>