<?xml version = '1.0' encoding = 'UTF-8'?>
<Relation class="oracle.dbtools.crest.model.design.logical.Relation" name="Relation_18" directorySegmentName="seg_0" id="45E83968-6A35-143E-AE28-00449B738958">
<createdBy>labsfiap</createdBy>
<createdTime>2025-05-09 01:18:44 UTC</createdTime>
<ownerDesignName>DBTSex8</ownerDesignName>
<engineerTo>
<item key="BD52EFD7-AD57-1D29-FBCE-37428351E3D1" value="true"/>
</engineerTo>
<sourcePk>94012AC5-2823-C905-42C8-C02D1BAAFCE4</sourcePk>
<identifying>true</identifying>
<optionalSource>true</optionalSource>
<optionalTarget>false</optionalTarget>
<sourceCardinality>1</sourceCardinality>
<sourceEntity>31723517-2989-D028-7B9E-D4C226A4767D</sourceEntity>
<targetCardinalityString>*</targetCardinalityString>
<targetEntity>8643C437-0AE9-D2CF-F15F-7E9AFFA6090D</targetEntity>
<transferable>true</transferable>
<deleteRule>NO ACTION</deleteRule>
</Relation>