<?xml version = '1.0' encoding = 'UTF-8'?>
<Relation class="oracle.dbtools.crest.model.design.logical.Relation" name="Relation_16" directorySegmentName="seg_0" id="C7B0490A-0616-176D-C20F-952054762971">
<createdBy>labsfiap</createdBy>
<createdTime>2025-05-09 01:16:56 UTC</createdTime>
<ownerDesignName>DBTSex8</ownerDesignName>
<engineerTo>
<item key="BD52EFD7-AD57-1D29-FBCE-37428351E3D1" value="true"/>
</engineerTo>
<sourcePk>BB2BDCBA-C1EF-6D55-3938-A0D0965D68AF</sourcePk>
<identifying>true</identifying>
<optionalSource>true</optionalSource>
<optionalTarget>false</optionalTarget>
<sourceCardinality>1</sourceCardinality>
<sourceEntity>AC6A1DB4-2A11-9E56-BDF1-0E6A03DE1E01</sourceEntity>
<targetCardinalityString>*</targetCardinalityString>
<targetEntity>8643C437-0AE9-D2CF-F15F-7E9AFFA6090D</targetEntity>
<transferable>true</transferable>
<deleteRule>NO ACTION</deleteRule>
</Relation>