<?xml version = '1.0' encoding = 'UTF-8'?>
<Entity class="oracle.dbtools.crest.model.design.logical.Entity" directorySegmentName="seg_0" id="0507552C-EE92-A874-487B-F3A373AC183E" name="T_PACIENTE">
<createdBy>labsfiap</createdBy>
<createdTime>2025-04-11 00:46:30 UTC</createdTime>
<ownerDesignName>dtbs</ownerDesignName>
<engineerTo>
<item key="AFEEBEB8-51A3-D658-252E-E9D13EEB0C50" value="true"/>
</engineerTo>
<adequatelyNormalized>NO</adequatelyNormalized>
<expectedVolumes>0</expectedVolumes>
<fwdEngineeringStrategyName>Single Table</fwdEngineeringStrategyName>
<growthPercent>0</growthPercent>
<growthType>Year</growthType>
<maxVolumes>9999999</maxVolumes>
<minVolumes>0</minVolumes>
<normalForm>Third</normalForm>
<attributes itemClass="oracle.dbtools.crest.model.design.logical.Attribute">
<Attribute name="id_paciente" id="755CB43B-497F-DE54-A189-A2CA641D7F14">
<createdBy>labsfiap</createdBy>
<createdTime>2025-04-11 00:50:54 UTC</createdTime>
<commentInRDBMS><![CDATA[Numero de indentificação do paciente no sistema]]></commentInRDBMS>
<ownerDesignName>dtbs</ownerDesignName>
<engineerTo>
<item key="AFEEBEB8-51A3-D658-252E-E9D13EEB0C50" value="true"/>
</engineerTo>
<useDomainConstraints>false</useDomainConstraints>
<use>1</use>
<logicalDatatype>LOGDT019</logicalDatatype>
<ownDataTypeParameters>,,</ownDataTypeParameters>
</Attribute>
<Attribute name="nome_paciente" id="56D72D2F-2337-D7C4-085D-86A788440A1A">
<createdBy>labsfiap</createdBy>
<createdTime>2025-04-11 01:13:54 UTC</createdTime>
<ownerDesignName>dtbs</ownerDesignName>
<engineerTo>
<item key="AFEEBEB8-51A3-D658-252E-E9D13EEB0C50" value="true"/>
</engineerTo>
<useDomainConstraints>false</useDomainConstraints>
<use>1</use>
<logicalDatatype>LOGDT025</logicalDatatype>
<ownDataTypeParameters>,,</ownDataTypeParameters>
</Attribute>
<Attribute name="rg" id="603D7673-2AB9-1BA9-E688-C854720457AC">
<createdBy>labsfiap</createdBy>
<createdTime>2025-04-11 01:28:22 UTC</createdTime>
<ownerDesignName>dtbs</ownerDesignName>
<engineerTo>
<item key="AFEEBEB8-51A3-D658-252E-E9D13EEB0C50" value="true"/>
</engineerTo>
<nullsAllowed>true</nullsAllowed>
<useDomainConstraints>false</useDomainConstraints>
<use>1</use>
<logicalDatatype>LOGDT024</logicalDatatype>
<dataTypeSize>9</dataTypeSize>
<ownDataTypeParameters>9,,</ownDataTypeParameters>
</Attribute>
<Attribute name="data_nascimento" id="E40ADE68-39B6-84D4-22D8-AD3448AD4B44">
<createdBy>labsfiap</createdBy>
<createdTime>2025-04-11 01:29:09 UTC</createdTime>
<ownerDesignName>dtbs</ownerDesignName>
<engineerTo>
<item key="AFEEBEB8-51A3-D658-252E-E9D13EEB0C50" value="true"/>
</engineerTo>
<nullsAllowed>true</nullsAllowed>
<useDomainConstraints>false</useDomainConstraints>
<use>1</use>
<logicalDatatype>LOGDT025</logicalDatatype>
<ownDataTypeParameters>,,</ownDataTypeParameters>
</Attribute>
<Attribute name="sexo" id="769C5184-4725-C970-F0F5-528731AD2001">
<createdBy>labsfiap</createdBy>
<createdTime>2025-04-11 01:39:41 UTC</createdTime>
<ownerDesignName>dtbs</ownerDesignName>
<engineerTo>
<item key="AFEEBEB8-51A3-D658-252E-E9D13EEB0C50" value="true"/>
</engineerTo>
<useDomainConstraints>false</useDomainConstraints>
<use>1</use>
<logicalDatatype>LOGDT024</logicalDatatype>
<ownDataTypeParameters>,,</ownDataTypeParameters>
</Attribute>
<Attribute name="escolaridade" id="A9E61E59-310A-4105-23B9-8805EC51F8D6">
<createdBy>labsfiap</createdBy>
<createdTime>2025-04-11 01:40:02 UTC</createdTime>
<ownerDesignName>dtbs</ownerDesignName>
<engineerTo>
<item key="AFEEBEB8-51A3-D658-252E-E9D13EEB0C50" value="true"/>
</engineerTo>
<useDomainConstraints>false</useDomainConstraints>
<use>1</use>
<logicalDatatype>LOGDT024</logicalDatatype>
<ownDataTypeParameters>,,</ownDataTypeParameters>
</Attribute>
<Attribute name="estado_civil" id="3A0E6B4A-6E67-FCF9-0843-9718CA1A295E">
<createdBy>labsfiap</createdBy>
<createdTime>2025-04-11 01:40:42 UTC</createdTime>
<ownerDesignName>dtbs</ownerDesignName>
<engineerTo>
<item key="AFEEBEB8-51A3-D658-252E-E9D13EEB0C50" value="true"/>
</engineerTo>
<useDomainConstraints>false</useDomainConstraints>
<use>1</use>
<logicalDatatype>LOGDT024</logicalDatatype>
<ownDataTypeParameters>,,</ownDataTypeParameters>
</Attribute>
<Attribute name="grupo_sanguineo" id="2BB4FEBD-B2A0-A1BC-08CE-2414BE1AA0CB">
<createdBy>labsfiap</createdBy>
<createdTime>2025-04-11 01:41:14 UTC</createdTime>
<ownerDesignName>dtbs</ownerDesignName>
<engineerTo>
<item key="AFEEBEB8-51A3-D658-252E-E9D13EEB0C50" value="true"/>
</engineerTo>
<useDomainConstraints>false</useDomainConstraints>
<use>1</use>
<logicalDatatype>LOGDT024</logicalDatatype>
<ownDataTypeParameters>,,</ownDataTypeParameters>
</Attribute>
<Attribute name="altura" id="9A97A151-C563-7933-948F-97CA67EEA454">
<createdBy>labsfiap</createdBy>
<createdTime>2025-04-11 01:41:30 UTC</createdTime>
<ownerDesignName>dtbs</ownerDesignName>
<engineerTo>
<item key="AFEEBEB8-51A3-D658-252E-E9D13EEB0C50" value="true"/>
</engineerTo>
<useDomainConstraints>false</useDomainConstraints>
<use>1</use>
<logicalDatatype>LOGDT019</logicalDatatype>
<ownDataTypeParameters>,,</ownDataTypeParameters>
</Attribute>
<Attribute name="peso" id="D2E6840C-F036-D85F-7789-E75AC02B00A2">
<createdBy>labsfiap</createdBy>
<createdTime>2025-04-11 01:42:16 UTC</createdTime>
<ownerDesignName>dtbs</ownerDesignName>
<engineerTo>
<item key="AFEEBEB8-51A3-D658-252E-E9D13EEB0C50" value="true"/>
</engineerTo>
<useDomainConstraints>false</useDomainConstraints>
<use>1</use>
<logicalDatatype>LOGDT019</logicalDatatype>
<ownDataTypeParameters>,,</ownDataTypeParameters>
</Attribute>
<Attribute name="email" id="8CAC1294-4EDF-C13D-B4B2-963E208D7754">
<createdBy>labsfiap</createdBy>
<createdTime>2025-04-11 01:42:31 UTC</createdTime>
<ownerDesignName>dtbs</ownerDesignName>
<engineerTo>
<item key="AFEEBEB8-51A3-D658-252E-E9D13EEB0C50" value="true"/>
</engineerTo>
<nullsAllowed>true</nullsAllowed>
<useDomainConstraints>false</useDomainConstraints>
<use>1</use>
<logicalDatatype>LOGDT024</logicalDatatype>
<ownDataTypeParameters>,,</ownDataTypeParameters>
</Attribute>
<Attribute name="telefone" id="564DBE81-93CD-109D-412C-1E20E933C5CE">
<createdBy>labsfiap</createdBy>
<createdTime>2025-04-11 01:42:44 UTC</createdTime>
<ownerDesignName>dtbs</ownerDesignName>
<engineerTo>
<item key="AFEEBEB8-51A3-D658-252E-E9D13EEB0C50" value="true"/>
</engineerTo>
<useDomainConstraints>false</useDomainConstraints>
<use>1</use>
<logicalDatatype>LOGDT025</logicalDatatype>
<ownDataTypeParameters>,,</ownDataTypeParameters>
</Attribute>
</attributes>
<identifiers itemClass="oracle.dbtools.crest.model.design.logical.CandidateKey">
<identifier id="55F3A317-9846-9A7C-F6B8-7339B5285BE1" name="T_PACIENTE PK">
<createdBy>labsfiap</createdBy>
<createdTime>2025-04-11 00:51:21 UTC</createdTime>
<ownerDesignName>dtbs</ownerDesignName>
<engineerTo>
<item key="AFEEBEB8-51A3-D658-252E-E9D13EEB0C50" value="true"/>
</engineerTo>
<pk>true</pk>
<usedAttributes>
<attributeRef>755CB43B-497F-DE54-A189-A2CA641D7F14</attributeRef>
</usedAttributes>
</identifier>
</identifiers>
</Entity>