<?xml version = '1.0' encoding = 'UTF-8'?>
<Entity class="oracle.dbtools.crest.model.design.logical.Entity" directorySegmentName="seg_0" id="79F5A128-B7B1-3277-0886-6AE155E8B4F1" name="T_TELEFONE">
<createdBy>labsfiap</createdBy>
<createdTime>2025-04-11 01:26:26 UTC</createdTime>
<ownerDesignName>dtbs</ownerDesignName>
<engineerTo>
<item key="AFEEBEB8-51A3-D658-252E-E9D13EEB0C50" value="true"/>
</engineerTo>
<adequatelyNormalized>NO</adequatelyNormalized>
<expectedVolumes>0</expectedVolumes>
<fwdEngineeringStrategyName>Single Table</fwdEngineeringStrategyName>
<growthPercent>0</growthPercent>
<growthType>Year</growthType>
<maxVolumes>9999999</maxVolumes>
<minVolumes>0</minVolumes>
<normalForm>Third</normalForm>
<attributes itemClass="oracle.dbtools.crest.model.design.logical.Attribute">
<Attribute name="id_telefone" id="62A7D0A0-7C0E-9884-46D5-99D3D01D8165">
<createdBy>labsfiap</createdBy>
<createdTime>2025-04-11 01:26:41 UTC</createdTime>
<ownerDesignName>dtbs</ownerDesignName>
<engineerTo>
<item key="AFEEBEB8-51A3-D658-252E-E9D13EEB0C50" value="true"/>
</engineerTo>
<useDomainConstraints>false</useDomainConstraints>
<use>1</use>
<logicalDatatype>LOGDT019</logicalDatatype>
<ownDataTypeParameters>,,</ownDataTypeParameters>
</Attribute>
<Attribute name="id_paciente" id="14BF1B96-87FB-6607-8ED5-B4FE6E56468C">
<createdBy>labsfiap</createdBy>
<createdTime>2025-04-11 01:26:58 UTC</createdTime>
<ownerDesignName>dtbs</ownerDesignName>
<engineerTo>
<item key="AFEEBEB8-51A3-D658-252E-E9D13EEB0C50" value="true"/>
</engineerTo>
<nullsAllowed>true</nullsAllowed>
<useDomainConstraints>false</useDomainConstraints>
<use>1</use>
<logicalDatatype>LOGDT019</logicalDatatype>
<ownDataTypeParameters>,,</ownDataTypeParameters>
</Attribute>
<Attribute name="id_paciente1" id="8E72EF1A-38AC-66C2-64DF-4213B6CA94FC">
<createdBy>labsfiap</createdBy>
<createdTime>2025-04-11 01:37:37 UTC</createdTime>
<generatorID>D58171E4-4691-2B7F-BB06-B7A139E6FE73</generatorID>
<ownerDesignName>dtbs</ownerDesignName>
<engineerTo>
<item key="AFEEBEB8-51A3-D658-252E-E9D13EEB0C50" value="true"/>
</engineerTo>
<referedAttribute>755CB43B-497F-DE54-A189-A2CA641D7F14</referedAttribute>
<useDomainConstraints>false</useDomainConstraints>
<use>1</use>
<logicalDatatype>LOGDT019</logicalDatatype>
<ownDataTypeParameters>,,</ownDataTypeParameters>
</Attribute>
<Attribute name="status" id="4135CC80-A4DE-E1F9-3476-5DB80C839562">
<createdBy>labsfiap</createdBy>
<createdTime>2025-04-11 01:56:50 UTC</createdTime>
<ownerDesignName>dtbs</ownerDesignName>
<engineerTo>
<item key="AFEEBEB8-51A3-D658-252E-E9D13EEB0C50" value="true"/>
</engineerTo>
<useDomainConstraints>false</useDomainConstraints>
<use>1</use>
<logicalDatatype>LOGDT006</logicalDatatype>
<dataTypeSize>1</dataTypeSize>
<ownDataTypeParameters>1,,</ownDataTypeParameters>
</Attribute>
</attributes>
<identifiers itemClass="oracle.dbtools.crest.model.design.logical.CandidateKey">
<identifier id="2CF5B701-7383-C383-6740-8523D06D5C61" name="T_TELEFONE PK">
<createdBy>labsfiap</createdBy>
<createdTime>2025-04-11 01:26:48 UTC</createdTime>
<ownerDesignName>dtbs</ownerDesignName>
<engineerTo>
<item key="AFEEBEB8-51A3-D658-252E-E9D13EEB0C50" value="true"/>
</engineerTo>
<pk>true</pk>
<usedAttributes>
<attributeRef>62A7D0A0-7C0E-9884-46D5-99D3D01D8165</attributeRef>
<attributeRef>8E72EF1A-38AC-66C2-64DF-4213B6CA94FC</attributeRef>
</usedAttributes>
</identifier>
</identifiers>
</Entity>