<?xml version = '1.0' encoding = 'UTF-8'?>
<Entity class="oracle.dbtools.crest.model.design.logical.Entity" directorySegmentName="seg_0" id="AD11F5D8-72A8-F776-C94D-090C94D454DE" name="T_EMAIL">
<createdBy>labsfiap</createdBy>
<createdTime>2025-04-11 01:38:23 UTC</createdTime>
<ownerDesignName>dtbs</ownerDesignName>
<engineerTo>
<item key="AFEEBEB8-51A3-D658-252E-E9D13EEB0C50" value="true"/>
</engineerTo>
<adequatelyNormalized>NO</adequatelyNormalized>
<expectedVolumes>0</expectedVolumes>
<fwdEngineeringStrategyName>Single Table</fwdEngineeringStrategyName>
<growthPercent>0</growthPercent>
<growthType>Year</growthType>
<maxVolumes>9999999</maxVolumes>
<minVolumes>0</minVolumes>
<normalForm>Third</normalForm>
<attributes itemClass="oracle.dbtools.crest.model.design.logical.Attribute">
<Attribute name="id_email" id="0E5EAE7E-BF25-4A0E-4F1B-F693A64D631B">
<createdBy>labsfiap</createdBy>
<createdTime>2025-04-11 01:38:34 UTC</createdTime>
<ownerDesignName>dtbs</ownerDesignName>
<engineerTo>
<item key="AFEEBEB8-51A3-D658-252E-E9D13EEB0C50" value="true"/>
</engineerTo>
<useDomainConstraints>false</useDomainConstraints>
<use>1</use>
<logicalDatatype>LOGDT024</logicalDatatype>
<ownDataTypeParameters>,,</ownDataTypeParameters>
</Attribute>
<Attribute name="id_paciente" id="F8DD60E5-F93E-592F-785D-7C7B72EF6962">
<createdBy>labsfiap</createdBy>
<createdTime>2025-04-11 01:38:49 UTC</createdTime>
<generatorID>9637FD70-F346-16F1-E182-4AD003F05439</generatorID>
<ownerDesignName>dtbs</ownerDesignName>
<engineerTo>
<item key="AFEEBEB8-51A3-D658-252E-E9D13EEB0C50" value="true"/>
</engineerTo>
<referedAttribute>755CB43B-497F-DE54-A189-A2CA641D7F14</referedAttribute>
<useDomainConstraints>false</useDomainConstraints>
<use>1</use>
<logicalDatatype>LOGDT019</logicalDatatype>
<ownDataTypeParameters>,,</ownDataTypeParameters>
</Attribute>
<Attribute name="status" id="8DA0F24D-792C-19BF-2AE4-EE3A19779DA6">
<createdBy>labsfiap</createdBy>
<createdTime>2025-04-11 01:55:38 UTC</createdTime>
<ownerDesignName>dtbs</ownerDesignName>
<engineerTo>
<item key="AFEEBEB8-51A3-D658-252E-E9D13EEB0C50" value="true"/>
</engineerTo>
<useDomainConstraints>false</useDomainConstraints>
<use>1</use>
<logicalDatatype>LOGDT006</logicalDatatype>
<dataTypeSize>1</dataTypeSize>
<ownDataTypeParameters>1,,</ownDataTypeParameters>
</Attribute>
</attributes>
<identifiers itemClass="oracle.dbtools.crest.model.design.logical.CandidateKey">
<identifier id="942E0994-ADCB-6A5A-1B85-E7528FAA541F" name="T_EMAIL PK">
<createdBy>labsfiap</createdBy>
<createdTime>2025-04-11 01:38:49 UTC</createdTime>
<ownerDesignName>dtbs</ownerDesignName>
<engineerTo>
<item key="AFEEBEB8-51A3-D658-252E-E9D13EEB0C50" value="true"/>
</engineerTo>
<pk>true</pk>
<usedAttributes>
<attributeRef>F8DD60E5-F93E-592F-785D-7C7B72EF6962</attributeRef>
<attributeRef>0E5EAE7E-BF25-4A0E-4F1B-F693A64D631B</attributeRef>
</usedAttributes>
</identifier>
</identifiers>
</Entity>