<?xml version = '1.0' encoding = 'UTF-8'?>
<Entity class="oracle.dbtools.crest.model.design.logical.Entity" directorySegmentName="seg_0" id="DB021FB2-1CC8-2C85-51B9-4EA33EEC94DA" name="T_PACIENTE_PLANO">
<createdBy>labsfiap</createdBy>
<createdTime>2025-04-11 01:04:06 UTC</createdTime>
<ownerDesignName>dtbs</ownerDesignName>
<engineerTo>
<item key="AFEEBEB8-51A3-D658-252E-E9D13EEB0C50" value="true"/>
</engineerTo>
<adequatelyNormalized>NO</adequatelyNormalized>
<expectedVolumes>0</expectedVolumes>
<fwdEngineeringStrategyName>Single Table</fwdEngineeringStrategyName>
<growthPercent>0</growthPercent>
<growthType>Year</growthType>
<maxVolumes>9999999</maxVolumes>
<minVolumes>0</minVolumes>
<normalForm>Third</normalForm>
<attributes itemClass="oracle.dbtools.crest.model.design.logical.Attribute">
<Attribute name="id_plano_paciente" id="481BCCBC-5E8D-13C2-CC3C-D0F76E460B4D">
<createdBy>labsfiap</createdBy>
<createdTime>2025-04-11 01:04:22 UTC</createdTime>
<ownerDesignName>dtbs</ownerDesignName>
<engineerTo>
<item key="AFEEBEB8-51A3-D658-252E-E9D13EEB0C50" value="true"/>
</engineerTo>
<useDomainConstraints>false</useDomainConstraints>
<use>1</use>
<logicalDatatype>LOGDT019</logicalDatatype>
<ownDataTypeParameters>,,</ownDataTypeParameters>
</Attribute>
<Attribute name="id_paciente" id="65B28D67-67E0-78FF-8494-E307679FED80">
<createdBy>labsfiap</createdBy>
<createdTime>2025-04-11 01:04:41 UTC</createdTime>
<generatorID>68A12779-C5D7-0B63-0057-669C262A765E</generatorID>
<ownerDesignName>dtbs</ownerDesignName>
<engineerTo>
<item key="AFEEBEB8-51A3-D658-252E-E9D13EEB0C50" value="true"/>
</engineerTo>
<referedAttribute>755CB43B-497F-DE54-A189-A2CA641D7F14</referedAttribute>
<useDomainConstraints>false</useDomainConstraints>
<use>1</use>
<logicalDatatype>LOGDT019</logicalDatatype>
<ownDataTypeParameters>,,</ownDataTypeParameters>
</Attribute>
<Attribute name="id_plano" id="F420E582-6734-1BE4-F581-74A44C538BB4">
<createdBy>labsfiap</createdBy>
<createdTime>2025-04-11 01:04:48 UTC</createdTime>
<generatorID>1E095053-D919-DDAC-8BB3-05934331DB60</generatorID>
<ownerDesignName>dtbs</ownerDesignName>
<engineerTo>
<item key="AFEEBEB8-51A3-D658-252E-E9D13EEB0C50" value="true"/>
</engineerTo>
<referedAttribute>D505CD9A-C6E1-FE55-6C1D-F39EA5F08736</referedAttribute>
<use>1</use>
<logicalDatatype>LOGDT019</logicalDatatype>
<dataTypePrecision>100</dataTypePrecision>
<ownDataTypeParameters>,,</ownDataTypeParameters>
</Attribute>
</attributes>
<identifiers itemClass="oracle.dbtools.crest.model.design.logical.CandidateKey">
<identifier id="D7AC6BD7-6855-D9A5-F346-FC26F0B75C3E" name="T_PACIENTE_PLANO PK">
<createdBy>labsfiap</createdBy>
<createdTime>2025-04-11 01:04:30 UTC</createdTime>
<ownerDesignName>dtbs</ownerDesignName>
<engineerTo>
<item key="AFEEBEB8-51A3-D658-252E-E9D13EEB0C50" value="true"/>
</engineerTo>
<pk>true</pk>
<usedAttributes>
<attributeRef>481BCCBC-5E8D-13C2-CC3C-D0F76E460B4D</attributeRef>
<attributeRef>65B28D67-67E0-78FF-8494-E307679FED80</attributeRef>
<attributeRef>F420E582-6734-1BE4-F581-74A44C538BB4</attributeRef>
</usedAttributes>
</identifier>
</identifiers>
</Entity>