<?xml version = '1.0' encoding = 'UTF-8'?>
<Entity class="oracle.dbtools.crest.model.design.logical.Entity" directorySegmentName="seg_0" id="EF9D184B-D259-5C3B-040A-ABE275AC8A49" name="T_CONTATO_DE_EMERGENCIA">
<createdBy>labsfiap</createdBy>
<createdTime>2025-04-11 00:57:45 UTC</createdTime>
<ownerDesignName>dtbs</ownerDesignName>
<engineerTo>
<item key="AFEEBEB8-51A3-D658-252E-E9D13EEB0C50" value="true"/>
</engineerTo>
<adequatelyNormalized>NO</adequatelyNormalized>
<expectedVolumes>0</expectedVolumes>
<fwdEngineeringStrategyName>Single Table</fwdEngineeringStrategyName>
<growthPercent>0</growthPercent>
<growthType>Year</growthType>
<maxVolumes>9999999</maxVolumes>
<minVolumes>0</minVolumes>
<normalForm>Third</normalForm>
<attributes itemClass="oracle.dbtools.crest.model.design.logical.Attribute">
<Attribute name="id_paciente" id="AED34B77-A9CC-F208-C57B-DC7E7E90F062">
<createdBy>labsfiap</createdBy>
<createdTime>2025-04-11 01:37:32 UTC</createdTime>
<generatorID>3DB4817F-9077-A63A-EBE2-06EAC2D985E9</generatorID>
<ownerDesignName>dtbs</ownerDesignName>
<engineerTo>
<item key="AFEEBEB8-51A3-D658-252E-E9D13EEB0C50" value="true"/>
</engineerTo>
<referedAttribute>755CB43B-497F-DE54-A189-A2CA641D7F14</referedAttribute>
<useDomainConstraints>false</useDomainConstraints>
<use>1</use>
<logicalDatatype>LOGDT019</logicalDatatype>
<ownDataTypeParameters>,,</ownDataTypeParameters>
</Attribute>
<Attribute name="tipo_contato" id="76F11F23-0AF9-4351-CEEE-BAFC450A98E0">
<createdBy>labsfiap</createdBy>
<createdTime>2025-04-11 01:46:22 UTC</createdTime>
<ownerDesignName>dtbs</ownerDesignName>
<engineerTo>
<item key="AFEEBEB8-51A3-D658-252E-E9D13EEB0C50" value="true"/>
</engineerTo>
<useDomainConstraints>false</useDomainConstraints>
<use>1</use>
<logicalDatatype>LOGDT025</logicalDatatype>
<dataTypeSize>100</dataTypeSize>
<ownDataTypeParameters>100,,</ownDataTypeParameters>
</Attribute>
<Attribute name="nome_contato" id="3A5E13D6-D1C8-DB84-36E2-F6507F982F0B">
<createdBy>labsfiap</createdBy>
<createdTime>2025-04-11 01:47:58 UTC</createdTime>
<ownerDesignName>dtbs</ownerDesignName>
<engineerTo>
<item key="AFEEBEB8-51A3-D658-252E-E9D13EEB0C50" value="true"/>
</engineerTo>
<nullsAllowed>true</nullsAllowed>
<useDomainConstraints>false</useDomainConstraints>
<use>1</use>
<logicalDatatype>LOGDT024</logicalDatatype>
<dataTypeSize>100</dataTypeSize>
<ownDataTypeParameters>100,,</ownDataTypeParameters>
</Attribute>
<Attribute name="id_contato" id="0707D80B-56FB-D06C-0D52-470B1456887A">
<createdBy>labsfiap</createdBy>
<createdTime>2025-04-11 01:52:07 UTC</createdTime>
<ownerDesignName>dtbs</ownerDesignName>
<engineerTo>
<item key="AFEEBEB8-51A3-D658-252E-E9D13EEB0C50" value="true"/>
</engineerTo>
<useDomainConstraints>false</useDomainConstraints>
<use>1</use>
<logicalDatatype>LOGDT019</logicalDatatype>
<ownDataTypeParameters>,,</ownDataTypeParameters>
</Attribute>
<Attribute name="telefone" id="0CB74228-4B02-B5E0-AEB0-F85EA1507FFE">
<createdBy>labsfiap</createdBy>
<createdTime>2025-04-11 01:52:53 UTC</createdTime>
<ownerDesignName>dtbs</ownerDesignName>
<engineerTo>
<item key="AFEEBEB8-51A3-D658-252E-E9D13EEB0C50" value="true"/>
</engineerTo>
<useDomainConstraints>false</useDomainConstraints>
<use>1</use>
<logicalDatatype>LOGDT025</logicalDatatype>
<dataTypeSize>11</dataTypeSize>
<ownDataTypeParameters>11,,</ownDataTypeParameters>
</Attribute>
</attributes>
<identifiers itemClass="oracle.dbtools.crest.model.design.logical.CandidateKey">
<identifier id="80541F8E-06E3-9814-70EF-5B510F2275F6" name="T_CONTATO_DE_EMERGENCIA PK">
<createdBy>labsfiap</createdBy>
<createdTime>2025-04-11 01:00:56 UTC</createdTime>
<ownerDesignName>dtbs</ownerDesignName>
<engineerTo>
<item key="AFEEBEB8-51A3-D658-252E-E9D13EEB0C50" value="true"/>
</engineerTo>
<pk>true</pk>
<usedAttributes>
<attributeRef>AED34B77-A9CC-F208-C57B-DC7E7E90F062</attributeRef>
<attributeRef>0707D80B-56FB-D06C-0D52-470B1456887A</attributeRef>
</usedAttributes>
</identifier>
</identifiers>
</Entity>