<?xml version = '1.0' encoding = 'UTF-8'?>
<Entity class="oracle.dbtools.crest.model.design.logical.Entity" directorySegmentName="seg_0" id="F05E6C01-6D29-5862-6B13-2E9DB1EE670E" name="T_ENDEREÇO">
<createdBy>labsfiap</createdBy>
<createdTime>2025-04-11 00:53:28 UTC</createdTime>
<ownerDesignName>dtbs</ownerDesignName>
<engineerTo>
<item key="AFEEBEB8-51A3-D658-252E-E9D13EEB0C50" value="true"/>
</engineerTo>
<adequatelyNormalized>NO</adequatelyNormalized>
<expectedVolumes>0</expectedVolumes>
<fwdEngineeringStrategyName>Single Table</fwdEngineeringStrategyName>
<growthPercent>0</growthPercent>
<growthType>Year</growthType>
<maxVolumes>9999999</maxVolumes>
<minVolumes>0</minVolumes>
<normalForm>Third</normalForm>
<attributes itemClass="oracle.dbtools.crest.model.design.logical.Attribute">
<Attribute name="id_endereço" id="5A772D79-F682-E2EE-7975-925D961A5E3B">
<createdBy>labsfiap</createdBy>
<createdTime>2025-04-11 01:05:14 UTC</createdTime>
<ownerDesignName>dtbs</ownerDesignName>
<engineerTo>
<item key="AFEEBEB8-51A3-D658-252E-E9D13EEB0C50" value="true"/>
</engineerTo>
<useDomainConstraints>false</useDomainConstraints>
<use>1</use>
<logicalDatatype>LOGDT019</logicalDatatype>
<ownDataTypeParameters>,,</ownDataTypeParameters>
</Attribute>
<Attribute name="id_paciente" id="4154E376-BB63-A501-1580-40D930A4DBDE">
<createdBy>labsfiap</createdBy>
<createdTime>2025-04-11 01:37:42 UTC</createdTime>
<generatorID>FA10F877-84D4-F302-FFF0-F449EF0DCBFC</generatorID>
<ownerDesignName>dtbs</ownerDesignName>
<engineerTo>
<item key="AFEEBEB8-51A3-D658-252E-E9D13EEB0C50" value="true"/>
</engineerTo>
<referedAttribute>755CB43B-497F-DE54-A189-A2CA641D7F14</referedAttribute>
<useDomainConstraints>false</useDomainConstraints>
<use>1</use>
<logicalDatatype>LOGDT019</logicalDatatype>
<ownDataTypeParameters>,,</ownDataTypeParameters>
</Attribute>
<Attribute name="logradouro" id="DC3632EE-EF7B-F1A5-17E4-E10348997F30">
<createdBy>labsfiap</createdBy>
<createdTime>2025-04-11 01:54:02 UTC</createdTime>
<ownerDesignName>dtbs</ownerDesignName>
<engineerTo>
<item key="AFEEBEB8-51A3-D658-252E-E9D13EEB0C50" value="true"/>
</engineerTo>
<useDomainConstraints>false</useDomainConstraints>
<use>1</use>
<logicalDatatype>LOGDT024</logicalDatatype>
<ownDataTypeParameters>,,</ownDataTypeParameters>
</Attribute>
<Attribute name="bairro" id="D650CA50-DFF0-342B-6F46-2272154EE473">
<createdBy>labsfiap</createdBy>
<createdTime>2025-04-11 01:54:14 UTC</createdTime>
<ownerDesignName>dtbs</ownerDesignName>
<engineerTo>
<item key="AFEEBEB8-51A3-D658-252E-E9D13EEB0C50" value="true"/>
</engineerTo>
<useDomainConstraints>false</useDomainConstraints>
<use>1</use>
<logicalDatatype>LOGDT024</logicalDatatype>
<ownDataTypeParameters>,,</ownDataTypeParameters>
</Attribute>
<Attribute name="cidade" id="C9387CA1-279D-E8F6-34A5-55D7D1AAEFAB">
<createdBy>labsfiap</createdBy>
<createdTime>2025-04-11 01:54:23 UTC</createdTime>
<ownerDesignName>dtbs</ownerDesignName>
<engineerTo>
<item key="AFEEBEB8-51A3-D658-252E-E9D13EEB0C50" value="true"/>
</engineerTo>
<useDomainConstraints>false</useDomainConstraints>
<use>1</use>
<logicalDatatype>LOGDT024</logicalDatatype>
<ownDataTypeParameters>,,</ownDataTypeParameters>
</Attribute>
<Attribute name="estado" id="685849F3-297D-4602-F54C-780F5C2EE823">
<createdBy>labsfiap</createdBy>
<createdTime>2025-04-11 01:54:39 UTC</createdTime>
<ownerDesignName>dtbs</ownerDesignName>
<engineerTo>
<item key="AFEEBEB8-51A3-D658-252E-E9D13EEB0C50" value="true"/>
</engineerTo>
<useDomainConstraints>false</useDomainConstraints>
<use>1</use>
<logicalDatatype>LOGDT024</logicalDatatype>
<ownDataTypeParameters>,,</ownDataTypeParameters>
</Attribute>
<Attribute name="cep" id="74AB22B2-B68D-4A07-0507-59BF86D57E80">
<createdBy>labsfiap</createdBy>
<createdTime>2025-04-11 01:54:49 UTC</createdTime>
<ownerDesignName>dtbs</ownerDesignName>
<engineerTo>
<item key="AFEEBEB8-51A3-D658-252E-E9D13EEB0C50" value="true"/>
</engineerTo>
<useDomainConstraints>false</useDomainConstraints>
<use>1</use>
<logicalDatatype>LOGDT025</logicalDatatype>
<dataTypeSize>8</dataTypeSize>
<ownDataTypeParameters>8,,</ownDataTypeParameters>
</Attribute>
</attributes>
<identifiers itemClass="oracle.dbtools.crest.model.design.logical.CandidateKey">
<identifier id="A99E2085-39D1-A9C7-4BF0-EE51E98E0E58" name="T_ENDEREÇO PK">
<createdBy>labsfiap</createdBy>
<createdTime>2025-04-11 01:05:29 UTC</createdTime>
<ownerDesignName>dtbs</ownerDesignName>
<engineerTo>
<item key="AFEEBEB8-51A3-D658-252E-E9D13EEB0C50" value="true"/>
</engineerTo>
<pk>true</pk>
<usedAttributes>
<attributeRef>5A772D79-F682-E2EE-7975-925D961A5E3B</attributeRef>
<attributeRef>4154E376-BB63-A501-1580-40D930A4DBDE</attributeRef>
</usedAttributes>
</identifier>
</identifiers>
</Entity>