<?xml version = '1.0' encoding = 'UTF-8'?>
<Diagram class="oracle.dbtools.crest.swingui.logical.DPVLogical" name="Logical" id="4F51BAC3-20C6-0F9E-F059-110851747CC1">
<createdBy>labsfiap</createdBy>
<modifiedBy>labsfiap</modifiedBy>
<createdTime>2025-04-11 00:37:42 UTC</createdTime>
<autoRoute>false</autoRoute>
<boxInbox>true</boxInbox>
<showLegend>false</showLegend>
<showLabels>false</showLabels>
<showRelAttributes>false</showRelAttributes>
<gridEnabled>false</gridEnabled>
<showGrid>false</showGrid>
<diagramColor>-1</diagramColor>
<display>false</display>
<notation>2</notation>
<objectViews>
<OView class="oracle.dbtools.crest.swingui.logical.TVEntity" oid="0507552C-EE92-A874-487B-F3A373AC183E" otype="Entity" vid="8775BED5-0AB6-D094-A806-895192468F2D">
<hideElementsInCurrentOnly>false</hideElementsInCurrentOnly>
<bounds x="354" y="67" width="202" height="239"/>
</OView>
<OView class="oracle.dbtools.crest.swingui.logical.TVEntity" oid="79F5A128-B7B1-3277-0886-6AE155E8B4F1" otype="Entity" vid="00C01255-1A3E-FA2C-2896-486162CEFE18">
<hideElementsInCurrentOnly>false</hideElementsInCurrentOnly>
<bounds x="13" y="158" width="252" height="117"/>
</OView>
<OView class="oracle.dbtools.crest.swingui.logical.TVEntity" oid="AD11F5D8-72A8-F776-C94D-090C94D454DE" otype="Entity" vid="FF00DD94-E3CB-272A-9446-DCFA07E00768">
<hideElementsInCurrentOnly>false</hideElementsInCurrentOnly>
<bounds x="646" y="258" width="202" height="92"/>
</OView>
<OView class="oracle.dbtools.crest.swingui.logical.TVEntity" oid="BB7C60FE-8397-BC83-79A0-A014C3051199" otype="Entity" vid="DADD3EDF-E7E6-3761-5015-4658F0629B4E">
<hideElementsInCurrentOnly>false</hideElementsInCurrentOnly>
<bounds x="861" y="81" width="226" height="72"/>
</OView>
<OView class="oracle.dbtools.crest.swingui.logical.TVEntity" oid="DB021FB2-1CC8-2C85-51B9-4EA33EEC94DA" otype="Entity" vid="6FCB42CD-FAC1-3873-F534-674237C738E9">
<hideElementsInCurrentOnly>false</hideElementsInCurrentOnly>
<bounds x="616" y="64" width="189" height="104"/>
</OView>
<OView class="oracle.dbtools.crest.swingui.logical.TVEntity" oid="EF9D184B-D259-5C3B-040A-ABE275AC8A49" otype="Entity" vid="8D3DF02A-6B5A-C383-5414-D2C7563B1772">
<hideElementsInCurrentOnly>false</hideElementsInCurrentOnly>
<bounds x="24" y="33" width="243" height="118"/>
</OView>
<OView class="oracle.dbtools.crest.swingui.logical.TVEntity" oid="F05E6C01-6D29-5862-6B13-2E9DB1EE670E" otype="Entity" vid="4EC6E10C-1A96-6F18-F6F9-3A29939900A2">
<hideElementsInCurrentOnly>false</hideElementsInCurrentOnly>
<bounds x="334" y="417" width="187" height="147"/>
</OView>
</objectViews>
<connectors>
<Connector class="oracle.dbtools.crest.swingui.logical.TVRelation" oid="1E095053-D919-DDAC-8BB3-05934331DB60" otype="Relation" vid_source="DADD3EDF-E7E6-3761-5015-4658F0629B4E" vid_target="6FCB42CD-FAC1-3873-F534-674237C738E9">
<hideElementsInCurrentOnly>false</hideElementsInCurrentOnly>
<backgroundColor>-16777216</backgroundColor>
<lineWidth>1</lineWidth>
<points>
<point x="861" y="117"/>
<point x="805" y="117"/>
</points>
</Connector>
<Connector class="oracle.dbtools.crest.swingui.logical.TVRelation" oid="3DB4817F-9077-A63A-EBE2-06EAC2D985E9" otype="Relation" vid_source="8775BED5-0AB6-D094-A806-895192468F2D" vid_target="8D3DF02A-6B5A-C383-5414-D2C7563B1772">
<hideElementsInCurrentOnly>false</hideElementsInCurrentOnly>
<backgroundColor>-16777216</backgroundColor>
<lineWidth>1</lineWidth>
<points>
<point x="354" y="109"/>
<point x="267" y="109"/>
</points>
</Connector>
<Connector class="oracle.dbtools.crest.swingui.logical.TVRelation" oid="68A12779-C5D7-0B63-0057-669C262A765E" otype="Relation" vid_source="8775BED5-0AB6-D094-A806-895192468F2D" vid_target="6FCB42CD-FAC1-3873-F534-674237C738E9">
<hideElementsInCurrentOnly>false</hideElementsInCurrentOnly>
<backgroundColor>-16777216</backgroundColor>
<lineWidth>1</lineWidth>
<points>
<point x="556" y="117"/>
<point x="616" y="117"/>
</points>
</Connector>
<Connector class="oracle.dbtools.crest.swingui.logical.TVRelation" oid="9637FD70-F346-16F1-E182-4AD003F05439" otype="Relation" vid_source="8775BED5-0AB6-D094-A806-895192468F2D" vid_target="FF00DD94-E3CB-272A-9446-DCFA07E00768">
<hideElementsInCurrentOnly>false</hideElementsInCurrentOnly>
<backgroundColor>-16777216</backgroundColor>
<lineWidth>1</lineWidth>
<points>
<point x="556" y="282"/>
<point x="646" y="282"/>
</points>
</Connector>
<Connector class="oracle.dbtools.crest.swingui.logical.TVRelation" oid="D58171E4-4691-2B7F-BB06-B7A139E6FE73" otype="Relation" vid_source="8775BED5-0AB6-D094-A806-895192468F2D" vid_target="00C01255-1A3E-FA2C-2896-486162CEFE18">
<hideElementsInCurrentOnly>false</hideElementsInCurrentOnly>
<backgroundColor>-16777216</backgroundColor>
<lineWidth>1</lineWidth>
<points>
<point x="354" y="216"/>
<point x="265" y="216"/>
</points>
</Connector>
<Connector class="oracle.dbtools.crest.swingui.logical.TVRelation" oid="FA10F877-84D4-F302-FFF0-F449EF0DCBFC" otype="Relation" vid_source="8775BED5-0AB6-D094-A806-895192468F2D" vid_target="4EC6E10C-1A96-6F18-F6F9-3A29939900A2">
<hideElementsInCurrentOnly>false</hideElementsInCurrentOnly>
<backgroundColor>-16777216</backgroundColor>
<lineWidth>1</lineWidth>
<points>
<point x="452" y="306"/>
<point x="452" y="417"/>
</points>
</Connector>
</connectors>
</Diagram>