<?xml version = '1.0' encoding = 'UTF-8'?>
<Entity class="oracle.dbtools.crest.model.design.logical.Entity" directorySegmentName="seg_0" id="5F477709-1835-BF78-2C6F-0805B23D6DDF" name="T_STU_MEDICO">
<createdBy>logonpflocal</createdBy>
<createdTime>2022-04-29 12:55:52 UTC</createdTime>
<ownerDesignName>DBTSex8</ownerDesignName>
<engineerTo>
<item key="BD52EFD7-AD57-1D29-FBCE-37428351E3D1" value="true"/>
</engineerTo>
<adequatelyNormalized>NO</adequatelyNormalized>
<expectedVolumes>0</expectedVolumes>
<fwdEngineeringStrategyName>Single Table</fwdEngineeringStrategyName>
<growthPercent>0</growthPercent>
<growthType>Year</growthType>
<maxVolumes>9999999</maxVolumes>
<minVolumes>0</minVolumes>
<normalForm>Third</normalForm>
<attributes itemClass="oracle.dbtools.crest.model.design.logical.Attribute">
<Attribute name="CD_MEDICO" id="1B9CB403-E629-65E7-585F-DA2527A66279">
<createdBy>logonpflocal</createdBy>
<createdTime>2022-04-29 12:55:52 UTC</createdTime>
<ownerDesignName>DBTSex8</ownerDesignName>
<importedID>3356A422-4772-FBD5-1362-4A57C3B8EE0D</importedID>
<engineerTo>
<item key="BD52EFD7-AD57-1D29-FBCE-37428351E3D1" value="true"/>
</engineerTo>
<useDomainConstraints>false</useDomainConstraints>
<use>1</use>
<logicalDatatype>LOGDT019</logicalDatatype>
<ownDataTypeParameters>,,</ownDataTypeParameters>
</Attribute>
<Attribute name="NM_MEDICO" id="9F8A8943-EB44-C4BB-BB3B-CAF1874252E0">
<createdBy>logonpflocal</createdBy>
<createdTime>2022-04-29 12:55:52 UTC</createdTime>
<ownerDesignName>DBTSex8</ownerDesignName>
<importedID>7357E003-C7EA-6220-9084-1BF1427775D8</importedID>
<engineerTo>
<item key="BD52EFD7-AD57-1D29-FBCE-37428351E3D1" value="true"/>
</engineerTo>
<useDomainConstraints>false</useDomainConstraints>
<use>1</use>
<logicalDatatype>LOGDT024</logicalDatatype>
<dataTypeSize>90</dataTypeSize>
<ownDataTypeParameters>90,,</ownDataTypeParameters>
</Attribute>
<Attribute name="NR_CRM" id="4DF2C6EE-69D0-134A-D06B-0D24B5EF3009">
<createdBy>logonpflocal</createdBy>
<createdTime>2022-04-29 12:55:52 UTC</createdTime>
<ownerDesignName>DBTSex8</ownerDesignName>
<importedID>B5E26CE9-A5C8-EBFE-EEC4-0579258AFF9C</importedID>
<engineerTo>
<item key="BD52EFD7-AD57-1D29-FBCE-37428351E3D1" value="true"/>
</engineerTo>
<useDomainConstraints>false</useDomainConstraints>
<use>1</use>
<logicalDatatype>LOGDT019</logicalDatatype>
<dataTypePrecision>10</dataTypePrecision>
<ownDataTypeParameters>,10,</ownDataTypeParameters>
</Attribute>
<Attribute name="DS_ESPECIALIDADE" id="2EAED291-978F-DBE1-D669-D125320D27BB">
<createdBy>logonpflocal</createdBy>
<createdTime>2022-04-29 12:55:52 UTC</createdTime>
<ownerDesignName>DBTSex8</ownerDesignName>
<importedID>07297610-A4B4-A346-B7D2-340186286C21</importedID>
<engineerTo>
<item key="BD52EFD7-AD57-1D29-FBCE-37428351E3D1" value="true"/>
</engineerTo>
<useDomainConstraints>false</useDomainConstraints>
<use>1</use>
<logicalDatatype>LOGDT024</logicalDatatype>
<dataTypeSize>50</dataTypeSize>
<ownDataTypeParameters>50,,</ownDataTypeParameters>
</Attribute>
</attributes>
<identifiers itemClass="oracle.dbtools.crest.model.design.logical.CandidateKey">
<identifier id="42357FD1-4EB3-2628-0F66-ABEEA687B1EC" name="PK_STU_MEDICO">
<createdBy>logonpflocal</createdBy>
<createdTime>2022-04-29 12:55:52 UTC</createdTime>
<ownerDesignName>DBTSex8</ownerDesignName>
<engineerTo>
<item key="BD52EFD7-AD57-1D29-FBCE-37428351E3D1" value="true"/>
</engineerTo>
<pk>true</pk>
<newElementsIDs>1B9CB403-E629-65E7-585F-DA2527A66279</newElementsIDs>
<usedAttributes>
<attributeRef>1B9CB403-E629-65E7-585F-DA2527A66279</attributeRef>
</usedAttributes>
</identifier>
</identifiers>
</Entity>