<?xml version = '1.0' encoding = 'UTF-8'?>
<Entity class="oracle.dbtools.crest.model.design.logical.Entity" directorySegmentName="seg_0" id="8643C437-0AE9-D2CF-F15F-7E9AFFA6090D" name="T_RHSTU_PRESCRICAO">
<createdBy>labsfiap</createdBy>
<createdTime>2025-05-09 01:10:51 UTC</createdTime>
<ownerDesignName>DBTSex8</ownerDesignName>
<engineerTo>
<item key="BD52EFD7-AD57-1D29-FBCE-37428351E3D1" value="true"/>
</engineerTo>
<adequatelyNormalized>NO</adequatelyNormalized>
<expectedVolumes>0</expectedVolumes>
<fwdEngineeringStrategyName>Single Table</fwdEngineeringStrategyName>
<growthPercent>0</growthPercent>
<growthType>Year</growthType>
<maxVolumes>9999999</maxVolumes>
<minVolumes>0</minVolumes>
<normalForm>Third</normalForm>
<attributes itemClass="oracle.dbtools.crest.model.design.logical.Attribute">
<Attribute name="DS_ORIENTACAO_DE_USO" id="AFF5AAD5-8F1D-9C8A-8A62-2755DDF3FF70">
<createdBy>labsfiap</createdBy>
<createdTime>2025-05-09 01:12:02 UTC</createdTime>
<commentInRDBMS><![CDATA[Orientação de uso do medicamento ]]></commentInRDBMS>
<ownerDesignName>DBTSex8</ownerDesignName>
<engineerTo>
<item key="BD52EFD7-AD57-1D29-FBCE-37428351E3D1" value="true"/>
</engineerTo>
<useDomainConstraints>false</useDomainConstraints>
<use>1</use>
<logicalDatatype>LOGDT024</logicalDatatype>
<dataTypeSize>90</dataTypeSize>
<ownDataTypeParameters>90,,</ownDataTypeParameters>
</Attribute>
<Attribute name="DS_VIA" id="77A6ECA2-50D1-BAAD-CD02-30036B3AEE76">
<createdBy>labsfiap</createdBy>
<createdTime>2025-05-09 01:12:14 UTC</createdTime>
<commentInRDBMS><![CDATA[como um medicamento é administrado ao paciente]]></commentInRDBMS>
<ownerDesignName>DBTSex8</ownerDesignName>
<engineerTo>
<item key="BD52EFD7-AD57-1D29-FBCE-37428351E3D1" value="true"/>
</engineerTo>
<useDomainConstraints>false</useDomainConstraints>
<use>1</use>
<logicalDatatype>LOGDT024</logicalDatatype>
<dataTypeSize>90</dataTypeSize>
<ownDataTypeParameters>90,,</ownDataTypeParameters>
</Attribute>
<Attribute name="DS_POSOLOGIA" id="182CA42C-CA82-9A64-78E5-8ED6F647470C">
<createdBy>labsfiap</createdBy>
<createdTime>2025-05-09 01:12:22 UTC</createdTime>
<commentInRDBMS><![CDATA[determinação da dosagem correta de medicamentos]]></commentInRDBMS>
<ownerDesignName>DBTSex8</ownerDesignName>
<engineerTo>
<item key="BD52EFD7-AD57-1D29-FBCE-37428351E3D1" value="true"/>
</engineerTo>
<useDomainConstraints>false</useDomainConstraints>
<use>1</use>
<logicalDatatype>LOGDT024</logicalDatatype>
<dataTypeSize>90</dataTypeSize>
<ownDataTypeParameters>90,,</ownDataTypeParameters>
</Attribute>
<Attribute name="CD_MEDICAMENTO" id="65566360-2288-0AAE-FD35-BE329E95B15F">
<createdBy>labsfiap</createdBy>
<createdTime>2025-05-09 01:16:56 UTC</createdTime>
<generatorID>C7B0490A-0616-176D-C20F-952054762971</generatorID>
<ownerDesignName>DBTSex8</ownerDesignName>
<engineerTo>
<item key="BD52EFD7-AD57-1D29-FBCE-37428351E3D1" value="true"/>
</engineerTo>
<referedAttribute>9B240622-216D-FC29-FDC9-5EED11B7F9F0</referedAttribute>
<use>1</use>
<logicalDatatype>LOGDT019</logicalDatatype>
<ownDataTypeParameters>,,</ownDataTypeParameters>
</Attribute>
<Attribute name="NR_CONSULTA" id="DF8788FE-9EE5-1E62-8583-DE824E125805">
<createdBy>labsfiap</createdBy>
<createdTime>2025-05-09 01:18:44 UTC</createdTime>
<generatorID>45E83968-6A35-143E-AE28-00449B738958</generatorID>
<ownerDesignName>DBTSex8</ownerDesignName>
<engineerTo>
<item key="BD52EFD7-AD57-1D29-FBCE-37428351E3D1" value="true"/>
</engineerTo>
<referedAttribute>4DC2BBD4-5844-F984-AA0B-B83576D7F211</referedAttribute>
<useDomainConstraints>false</useDomainConstraints>
<use>1</use>
<logicalDatatype>LOGDT019</logicalDatatype>
<dataTypePrecision>5</dataTypePrecision>
<ownDataTypeParameters>,,</ownDataTypeParameters>
</Attribute>
<Attribute name="ID_UNID_HOSPITAL" id="841FF22A-9D3B-03BD-9930-67C8E11A047A">
<createdBy>labsfiap</createdBy>
<createdTime>2025-05-09 01:18:44 UTC</createdTime>
<comment><![CDATA[Esse atributo irá receber a chave primária da Unidade Hospitalar. Esse número é sequencia e gerado automaticamente pelo sistema. Seu conteúdo é obrigatório.]]></comment>
<generatorID>45E83968-6A35-143E-AE28-00449B738958</generatorID>
<ownerDesignName>DBTSex8</ownerDesignName>
<engineerTo>
<item key="BD52EFD7-AD57-1D29-FBCE-37428351E3D1" value="true"/>
</engineerTo>
<referedAttribute>B6C488CB-AE82-A793-0536-0FCACEBB3861</referedAttribute>
<useDomainConstraints>false</useDomainConstraints>
<use>1</use>
<logicalDatatype>LOGDT019</logicalDatatype>
<dataTypePrecision>9</dataTypePrecision>
<ownDataTypeParameters>,,</ownDataTypeParameters>
</Attribute>
</attributes>
<identifiers itemClass="oracle.dbtools.crest.model.design.logical.CandidateKey">
<identifier id="898C060C-4470-BADA-0F06-4D7F3AE445A3" name="T_RHSTU_PRESCRICAO PK">
<createdBy>labsfiap</createdBy>
<createdTime>2025-05-09 01:16:56 UTC</createdTime>
<ownerDesignName>DBTSex8</ownerDesignName>
<engineerTo>
<item key="BD52EFD7-AD57-1D29-FBCE-37428351E3D1" value="true"/>
</engineerTo>
<pk>true</pk>
<usedAttributes>
<attributeRef>65566360-2288-0AAE-FD35-BE329E95B15F</attributeRef>
<attributeRef>DF8788FE-9EE5-1E62-8583-DE824E125805</attributeRef>
<attributeRef>841FF22A-9D3B-03BD-9930-67C8E11A047A</attributeRef>
</usedAttributes>
</identifier>
</identifiers>
</Entity>