<?xml version = '1.0' encoding = 'UTF-8'?>
<Entity class="oracle.dbtools.crest.model.design.logical.Entity" directorySegmentName="seg_0" id="8A769596-8442-81C5-8E8B-9FFE4C17B2D7" name="T_RHSTU_UNID_HOSPITALAR">
<createdBy>logonpflocal</createdBy>
<createdTime>2022-04-29 13:06:42 UTC</createdTime>
<ownerDesignName>DBTSex8</ownerDesignName>
<engineerTo>
<item key="BD52EFD7-AD57-1D29-FBCE-37428351E3D1" value="true"/>
</engineerTo>
<adequatelyNormalized>NO</adequatelyNormalized>
<expectedVolumes>0</expectedVolumes>
<fwdEngineeringStrategyName>Single Table</fwdEngineeringStrategyName>
<growthPercent>0</growthPercent>
<growthType>Year</growthType>
<maxVolumes>9999999</maxVolumes>
<minVolumes>0</minVolumes>
<normalForm>Third</normalForm>
<attributes itemClass="oracle.dbtools.crest.model.design.logical.Attribute">
<Attribute name="ID_UNID_HOSPITAL" id="C3796F42-602F-5AE2-4BB7-9B2AE3D1F6B4">
<createdBy>logonpflocal</createdBy>
<createdTime>2022-04-29 13:06:42 UTC</createdTime>
<comment><![CDATA[Esse atributo irá receber a chave primária da Unidade Hospitalar. Esse número é sequencia e gerado automaticamente pelo sistema. Seu conteúdo é obrigatório.]]></comment>
<commentInRDBMS><![CDATA[Esse atributo irá receber a chave primária da Unidade Hospitalar. Esse número é sequencia e gerado automaticamente pelo sistema. Seu conteúdo é obrigatório.]]></commentInRDBMS>
<ownerDesignName>DBTSex8</ownerDesignName>
<engineerTo>
<item key="BD52EFD7-AD57-1D29-FBCE-37428351E3D1" value="true"/>
</engineerTo>
<useDomainConstraints>false</useDomainConstraints>
<use>1</use>
<logicalDatatype>LOGDT019</logicalDatatype>
<dataTypePrecision>9</dataTypePrecision>
<ownDataTypeParameters>,9,</ownDataTypeParameters>
</Attribute>
<Attribute name="NM_UNID_HOSPITALAR" id="C6A15613-6831-D4DB-312C-D304AA94D315">
<createdBy>logonpflocal</createdBy>
<createdTime>2022-04-29 13:06:42 UTC</createdTime>
<generatorID>B99331BB-0605-C347-7BB9-BF08521D724D</generatorID>
<ownerDesignName>DBTSex8</ownerDesignName>
<engineerTo>
<item key="BD52EFD7-AD57-1D29-FBCE-37428351E3D1" value="true"/>
</engineerTo>
<useDomainConstraints>false</useDomainConstraints>
<use>1</use>
<logicalDatatype>LOGDT024</logicalDatatype>
<dataTypeSize>80</dataTypeSize>
<ownDataTypeParameters>80,,</ownDataTypeParameters>
</Attribute>
<Attribute name="NM_RAZAO_SOCIAL_UNID_HOSP" id="A4261440-ADDF-8394-22C5-FB3922BF7F38">
<createdBy>logonpflocal</createdBy>
<createdTime>2022-04-29 13:06:42 UTC</createdTime>
<ownerDesignName>DBTSex8</ownerDesignName>
<engineerTo>
<item key="BD52EFD7-AD57-1D29-FBCE-37428351E3D1" value="true"/>
</engineerTo>
<useDomainConstraints>false</useDomainConstraints>
<use>1</use>
<logicalDatatype>LOGDT024</logicalDatatype>
<dataTypeSize>80</dataTypeSize>
<ownDataTypeParameters>80,,</ownDataTypeParameters>
</Attribute>
<Attribute name="DT_FUNDACAO" id="39CDA9CB-A12F-65FE-6560-0F46BCA8CC9E">
<createdBy>logonpflocal</createdBy>
<createdTime>2022-04-29 13:06:42 UTC</createdTime>
<generatorID>8BCC4E83-DAA8-181A-7DE9-422F9A8742E1</generatorID>
<ownerDesignName>DBTSex8</ownerDesignName>
<engineerTo>
<item key="BD52EFD7-AD57-1D29-FBCE-37428351E3D1" value="true"/>
</engineerTo>
<nullsAllowed>true</nullsAllowed>
<useDomainConstraints>false</useDomainConstraints>
<use>1</use>
<logicalDatatype>LOGDT007</logicalDatatype>
<ownDataTypeParameters>,,</ownDataTypeParameters>
</Attribute>
<Attribute name="SG_ESTADO" id="C9D9E61F-324C-311A-B3B9-D0B2A3E0578C">
<createdBy>logonpflocal</createdBy>
<createdTime>2022-04-29 13:06:42 UTC</createdTime>
<comment><![CDATA[Esse atributo irá receber a sigla do Estado  do endereco da Unidade Hospitalar.  Seu conteúdo é obrigatório.]]></comment>
<commentInRDBMS><![CDATA[Esse atributo irá receber a sigla do Estado  do enderecoda Unidade Hospitalar.  Seu conteúdo é obrigatório.]]></commentInRDBMS>
<ownerDesignName>DBTSex8</ownerDesignName>
<engineerTo>
<item key="BD52EFD7-AD57-1D29-FBCE-37428351E3D1" value="true"/>
</engineerTo>
<useDomainConstraints>false</useDomainConstraints>
<use>1</use>
<logicalDatatype>LOGDT025</logicalDatatype>
<dataTypeSize>2</dataTypeSize>
<ownDataTypeParameters>2,,</ownDataTypeParameters>
</Attribute>
<Attribute name="NM_ESTADO" id="6D4038BD-FEDA-D99B-4D20-F5853DAA1086">
<createdBy>logonpflocal</createdBy>
<createdTime>2022-04-29 13:06:42 UTC</createdTime>
<comment><![CDATA[Esse atributo irá receber o nome do Estado  do endereco da Unidade Hospitalar.  Seu conteúdo é obrigatório.]]></comment>
<commentInRDBMS><![CDATA[Esse atributo irá receber o nome do Estado  do endereco da Unidade Hospitalar.  Seu conteúdo é obrigatório.]]></commentInRDBMS>
<ownerDesignName>DBTSex8</ownerDesignName>
<engineerTo>
<item key="BD52EFD7-AD57-1D29-FBCE-37428351E3D1" value="true"/>
</engineerTo>
<useDomainConstraints>false</useDomainConstraints>
<use>1</use>
<logicalDatatype>LOGDT024</logicalDatatype>
<dataTypeSize>45</dataTypeSize>
<ownDataTypeParameters>45,,</ownDataTypeParameters>
</Attribute>
<Attribute name="NM_CIDADE" id="004C1AFE-47E0-7285-29B1-0F714C76D4E2">
<createdBy>logonpflocal</createdBy>
<createdTime>2022-04-29 13:06:42 UTC</createdTime>
<comment><![CDATA[Esse atributo irá receber o nome da Cidade da Unidade Hospitalar.  Seu conteúdo é obrigatório.]]></comment>
<commentInRDBMS><![CDATA[Esse atributo irá receber o nome da Cidade da Unidade Hospitalar.  Seu conteúdo é obrigatório.]]></commentInRDBMS>
<ownerDesignName>DBTSex8</ownerDesignName>
<engineerTo>
<item key="BD52EFD7-AD57-1D29-FBCE-37428351E3D1" value="true"/>
</engineerTo>
<useDomainConstraints>false</useDomainConstraints>
<use>1</use>
<logicalDatatype>LOGDT024</logicalDatatype>
<dataTypeSize>60</dataTypeSize>
<ownDataTypeParameters>60,,</ownDataTypeParameters>
</Attribute>
<Attribute name="NM_BAIRRO" id="6459AEAF-CBBC-16ED-5B35-341B03826350">
<createdBy>logonpflocal</createdBy>
<createdTime>2022-04-29 13:06:42 UTC</createdTime>
<comment><![CDATA[Esse atributo irá receber o nome do Bairro do endereco da Unidade Hospitalar.  Seu conteúdo é obrigatório.]]></comment>
<commentInRDBMS><![CDATA[Esse atributo irá receber o nome do Bairro do endereco da Unidade Hospitalar.  Seu conteúdo é obrigatório.]]></commentInRDBMS>
<ownerDesignName>DBTSex8</ownerDesignName>
<engineerTo>
<item key="BD52EFD7-AD57-1D29-FBCE-37428351E3D1" value="true"/>
</engineerTo>
<useDomainConstraints>false</useDomainConstraints>
<use>1</use>
<logicalDatatype>LOGDT024</logicalDatatype>
<dataTypeSize>60</dataTypeSize>
<ownDataTypeParameters>60,,</ownDataTypeParameters>
</Attribute>
<Attribute name="NM_LOGRADOURO" id="C1AABD7F-AC44-BD26-4839-B919F8225ADD">
<createdBy>logonpflocal</createdBy>
<createdTime>2022-04-29 13:09:26 UTC</createdTime>
<ownerDesignName>DBTSex8</ownerDesignName>
<engineerTo>
<item key="BD52EFD7-AD57-1D29-FBCE-37428351E3D1" value="true"/>
</engineerTo>
<useDomainConstraints>false</useDomainConstraints>
<use>1</use>
<logicalDatatype>LOGDT024</logicalDatatype>
<dataTypeSize>150</dataTypeSize>
<ownDataTypeParameters>150,,</ownDataTypeParameters>
</Attribute>
<Attribute name="NR_LOGRADOURO" id="BEFA1CDF-6BBD-BDF9-8E64-507D81834812">
<createdBy>logonpflocal</createdBy>
<createdTime>2022-04-29 13:06:42 UTC</createdTime>
<comment><![CDATA[Esse atributo irá receber o número do logradouro do endereco da Unidade Hospitalar.  Seu conteúdo é opcional.]]></comment>
<commentInRDBMS><![CDATA[Esse atributo irá receber o número do logradouro do endereco da Unidade Hospitalar.  Seu conteúdo é opcional.]]></commentInRDBMS>
<ownerDesignName>DBTSex8</ownerDesignName>
<engineerTo>
<item key="BD52EFD7-AD57-1D29-FBCE-37428351E3D1" value="true"/>
</engineerTo>
<nullsAllowed>true</nullsAllowed>
<useDomainConstraints>false</useDomainConstraints>
<use>1</use>
<logicalDatatype>LOGDT019</logicalDatatype>
<dataTypePrecision>7</dataTypePrecision>
<ownDataTypeParameters>,7,</ownDataTypeParameters>
</Attribute>
<Attribute name="DS_COMPLEMENTO_NUMERO" id="D1C782A3-3034-DBD3-D18D-AF95A37D169B">
<createdBy>logonpflocal</createdBy>
<createdTime>2022-04-29 13:06:42 UTC</createdTime>
<comment><![CDATA[Esse atributo irá receber o complemeneto  do logradouro do endereco da Unidade Hospitalar caso ele exista. Seu conteúdo é opcional.]]></comment>
<commentInRDBMS><![CDATA[Esse atributo irá receber o complemeneto  do logradouro do endereco da Unidade Hospitalar caso ele exista. Seu conteúdo é opcional.]]></commentInRDBMS>
<ownerDesignName>DBTSex8</ownerDesignName>
<engineerTo>
<item key="BD52EFD7-AD57-1D29-FBCE-37428351E3D1" value="true"/>
</engineerTo>
<nullsAllowed>true</nullsAllowed>
<useDomainConstraints>false</useDomainConstraints>
<use>1</use>
<logicalDatatype>LOGDT024</logicalDatatype>
<dataTypeSize>30</dataTypeSize>
<ownDataTypeParameters>30,,</ownDataTypeParameters>
</Attribute>
<Attribute name="DS_PONTO_REFERENCIA" id="9205F067-F98B-4C26-682B-85E0CC2C88EB">
<createdBy>logonpflocal</createdBy>
<createdTime>2022-04-29 13:06:42 UTC</createdTime>
<comment><![CDATA[Esse atributo irá receber o ponto de referência  do logradouro do endereco do paciente.  Seu conteúdo é opcional.]]></comment>
<commentInRDBMS><![CDATA[Esse atributo irá receber o ponto de referência  do logradouro do endereco da Unidade Hospitalar.]]></commentInRDBMS>
<ownerDesignName>DBTSex8</ownerDesignName>
<engineerTo>
<item key="BD52EFD7-AD57-1D29-FBCE-37428351E3D1" value="true"/>
</engineerTo>
<nullsAllowed>true</nullsAllowed>
<useDomainConstraints>false</useDomainConstraints>
<use>1</use>
<logicalDatatype>LOGDT024</logicalDatatype>
<dataTypeSize>50</dataTypeSize>
<ownDataTypeParameters>50,,</ownDataTypeParameters>
</Attribute>
</attributes>
<identifiers itemClass="oracle.dbtools.crest.model.design.logical.CandidateKey">
<identifier id="D6771B1E-419B-D345-0A01-83C5F181A2D9" name="PK_RHSTU_UNI_HOSP_END">
<createdBy>logonpflocal</createdBy>
<createdTime>2022-04-29 13:06:42 UTC</createdTime>
<ownerDesignName>DBTSex8</ownerDesignName>
<engineerTo>
<item key="BD52EFD7-AD57-1D29-FBCE-37428351E3D1" value="true"/>
</engineerTo>
<pk>true</pk>
<newElementsIDs>C3796F42-602F-5AE2-4BB7-9B2AE3D1F6B4</newElementsIDs>
<usedAttributes>
<attributeRef>C3796F42-602F-5AE2-4BB7-9B2AE3D1F6B4</attributeRef>
</usedAttributes>
</identifier>
</identifiers>
</Entity>