<?xml version = '1.0' encoding = 'UTF-8'?>
<Entity class="oracle.dbtools.crest.model.design.logical.Entity" directorySegmentName="seg_0" id="AC6A1DB4-2A11-9E56-BDF1-0E6A03DE1E01" name="TS_RHSTU_MEDICAMENTO">
<createdBy>labsfiap</createdBy>
<createdTime>2025-05-09 01:13:56 UTC</createdTime>
<ownerDesignName>DBTSex8</ownerDesignName>
<engineerTo>
<item key="BD52EFD7-AD57-1D29-FBCE-37428351E3D1" value="true"/>
</engineerTo>
<adequatelyNormalized>NO</adequatelyNormalized>
<expectedVolumes>0</expectedVolumes>
<fwdEngineeringStrategyName>Single Table</fwdEngineeringStrategyName>
<growthPercent>0</growthPercent>
<growthType>Year</growthType>
<maxVolumes>9999999</maxVolumes>
<minVolumes>0</minVolumes>
<normalForm>Third</normalForm>
<attributes itemClass="oracle.dbtools.crest.model.design.logical.Attribute">
<Attribute name="CD_MEDICAMENTO" id="9B240622-216D-FC29-FDC9-5EED11B7F9F0">
<createdBy>labsfiap</createdBy>
<createdTime>2025-05-09 01:15:12 UTC</createdTime>
<commentInRDBMS><![CDATA[codigo do medicamento]]></commentInRDBMS>
<ownerDesignName>DBTSex8</ownerDesignName>
<engineerTo>
<item key="BD52EFD7-AD57-1D29-FBCE-37428351E3D1" value="true"/>
</engineerTo>
<useDomainConstraints>false</useDomainConstraints>
<use>1</use>
<logicalDatatype>LOGDT019</logicalDatatype>
<ownDataTypeParameters>,,</ownDataTypeParameters>
</Attribute>
<Attribute name="NM_MEDICAMENTO" id="A368CC03-0145-499B-5A2B-6FC42F34B79B">
<createdBy>labsfiap</createdBy>
<createdTime>2025-05-09 01:15:19 UTC</createdTime>
<commentInRDBMS><![CDATA[nome do medicamento]]></commentInRDBMS>
<ownerDesignName>DBTSex8</ownerDesignName>
<engineerTo>
<item key="BD52EFD7-AD57-1D29-FBCE-37428351E3D1" value="true"/>
</engineerTo>
<useDomainConstraints>false</useDomainConstraints>
<use>1</use>
<logicalDatatype>LOGDT024</logicalDatatype>
<dataTypeSize>90</dataTypeSize>
<ownDataTypeParameters>90,,</ownDataTypeParameters>
</Attribute>
</attributes>
<identifiers itemClass="oracle.dbtools.crest.model.design.logical.CandidateKey">
<identifier id="BB2BDCBA-C1EF-6D55-3938-A0D0965D68AF" name="TS_RHSTU_MEDICAMENTO PK">
<createdBy>labsfiap</createdBy>
<createdTime>2025-05-09 01:16:38 UTC</createdTime>
<ownerDesignName>DBTSex8</ownerDesignName>
<engineerTo>
<item key="BD52EFD7-AD57-1D29-FBCE-37428351E3D1" value="true"/>
</engineerTo>
<pk>true</pk>
<usedAttributes>
<attributeRef>9B240622-216D-FC29-FDC9-5EED11B7F9F0</attributeRef>
</usedAttributes>
</identifier>
</identifiers>
</Entity>